Country Name,Country Code,Year,unemployment,inflation,oil_rents,gdp_growth,exchange_rate
Algeria,DZA,1960,,,,,4.93706000393706
Algeria,DZA,1961,,,,-13.6054413245993,4.93706000393706
Algeria,DZA,1962,,,,-19.6850418256566,4.93706000393706
Algeria,DZA,1963,,,,34.3137287803281,4.93706000393706
Algeria,DZA,1964,,,,5.83941300772857,4.93706000393706
Algeria,DZA,1965,,,,6.20689821107077,4.93706000393706
Algeria,DZA,1966,,,,-4.80497094328264,4.93706000393706
Algeria,DZA,1967,,,,9.45296256280155,4.93706000393706
Algeria,DZA,1968,,,,10.7962385711022,4.93706000393706
Algeria,DZA,1969,,,,8.4332802824936,4.93706000393706
Algeria,DZA,1970,,6.59999999900017,7.16190012707325,8.86265711007658,4.93706000393706
Algeria,DZA,1971,,2.62664165105635,6.99097752673545,-11.3317191682878,4.91263833685897
Algeria,DZA,1972,,3.65630712983236,9.01389998420143,27.423969480425,4.48051495321131
Algeria,DZA,1973,,6.17283950622715,10.8416352012321,3.81317629611722,3.96249541224223
Algeria,DZA,1974,,4.69961240341694,27.7199227930192,7.4949177045299,4.180749999
Algeria,DZA,1975,,8.23031665265143,22.633272567122,5.04534161267209,3.94940833233333
Algeria,DZA,1976,,9.43073540174557,23.7199737259153,8.38675648442262,4.163824999
Algeria,DZA,1977,,11.989283322105,23.1641392496026,5.25858598646316,4.14675833233333
Algeria,DZA,1978,,17.5239234455033,20.1203326203857,9.21483570068075,3.965899999
Algeria,DZA,1979,,11.3486005086091,36.9394487987451,7.47782655144202,3.85326666566667
Algeria,DZA,1980,,9.51782449754963,30.4169667655539,0.790606971852654,3.837449999
Algeria,DZA,1981,,14.6548426360634,24.5140416578688,2.99999608841746,4.31580833233333
Algeria,DZA,1982,,6.54250963007673,18.3348339984003,6.40000411483896,4.59219166566667
Algeria,DZA,1983,,5.9671639303272,16.5357512739164,5.40000302451797,4.788799999
Algeria,DZA,1984,,8.116397955171,15.4490512271312,5.59999652938126,4.98337499958333
Algeria,DZA,1985,,10.4822870444467,14.2827795193099,3.69999725488672,5.0278
Algeria,DZA,1986,,12.3716091651299,5.87028540433224,0.400001002799627,4.70231666666666
Algeria,DZA,1987,,7.44126091287247,8.53318724872721,-0.69999752622347,4.84974166666666
Algeria,DZA,1988,,5.91154496373489,8.0022301703217,-1.00000549065851,5.91476666666667
Algeria,DZA,1989,,9.30436125843166,12.5689148306239,4.40000216059909,7.60855833333333
Algeria,DZA,1990,,16.6525343885432,15.7969733351133,0.800000580174981,8.95750833333333
Algeria,DZA,1991,20.6,25.8863869348514,13.5417656312112,-1.2000005864423,18.472875
Algeria,DZA,1992,24.38,31.6696619117149,13.0452267711099,1.80000230253509,21.836075
Algeria,DZA,1993,26.23,20.5403261235827,11.7164360598656,-2.10000075697259,23.3454066666667
Algeria,DZA,1994,27.74,29.0476561173071,12.6865225216351,-0.899996552970833,35.0585008333333
Algeria,DZA,1995,31.84,29.7796264864999,14.1774813179102,3.79999479063817,47.6627266666667
Algeria,DZA,1996,28.268,18.6790758601749,16.3135923983909,4.09999847167964,54.7489333333333
Algeria,DZA,1997,25.43,5.73352275357187,14.7901349570278,1.09999993684249,57.70735
Algeria,DZA,1998,26.85,4.95016163793114,9.01756331973938,5.10000361107312,58.7389583333333
Algeria,DZA,1999,28.575,2.64551113392799,12.955667382787,3.20000155319546,66.573875
Algeria,DZA,2000,29.77,0.339163189071768,20.2038945100895,3.80000000158476,75.2597916666666
Algeria,DZA,2001,27.3,4.22598834854673,16.7197713612172,2.99999999863043,77.2150208333334
Algeria,DZA,2002,25.9,1.41830192345051,17.703706765696,5.40000000000001,79.6819
Algeria,DZA,2003,23.72,4.268953958395,19.6786326659537,6.50000000062043,77.394975
Algeria,DZA,2004,17.65,3.96180030257187,22.1269733272223,4.49999999976698,72.06065
Algeria,DZA,2005,15.27,1.38244656662118,27.9141141505655,5.39999999969525,73.2763083333333
Algeria,DZA,2006,12.27,2.31149918514424,29.5343935472454,2.89999999905852,72.6466166666667
Algeria,DZA,2007,13.79,3.67899574741699,27.9267087662485,3.10000000128674,69.2924
Algeria,DZA,2008,11.33,4.85859062814939,29.1086401323721,2.49999999929371,64.5828
Algeria,DZA,2009,10.16,5.73706036145628,19.9046263657492,1.19999999969519,72.6474166666667
Algeria,DZA,2010,9.96,3.91106195534028,21.9939993236664,4.80000000093564,74.3859833333333
Algeria,DZA,2011,9.96,4.5242115050527,25.0260096148481,2.99999999941909,72.9378833333333
Algeria,DZA,2012,10.97,8.89145091062317,22.6025382987382,2.40000000034432,77.5359666666667
Algeria,DZA,2013,9.82,3.25423910998847,20.8724313901278,2.60000000061164,79.3684
Algeria,DZA,2014,10.207,2.91692692067458,19.3167294732848,4.09999999866501,80.5790166666667
Algeria,DZA,2015,11.206,4.78444700693889,11.7459031918092,3.20000000089023,100.691433333333
Algeria,DZA,2016,10.202,6.39769480268757,10.0262189142963,3.90000000017621,109.443066666667
Algeria,DZA,2017,12.0,5.59111590961664,12.1565741270026,1.49999999895587,110.973016666667
Algeria,DZA,2018,12.112,4.26999020467084,15.9428081774505,1.40000000088281,116.593791666667
Algeria,DZA,2019,12.302,1.95176821052892,14.1421031504305,0.899999999219148,119.353558333333
Algeria,DZA,2020,14.08,2.41513094083414,9.03841379679424,-4.99999999908597,126.7768
Algeria,DZA,2021,13.656,7.22606307415477,14.4615654623053,3.79999999900707,135.064058333333
Algeria,DZA,2022,12.382,9.26551551551553,,3.60000000094915,141.994975
Algeria,DZA,2023,11.645,9.32217375928322,,4.10000000005964,135.842933333333
Algeria,DZA,2024,11.655,4.04611455313434,,3.69999999907979,134.053241666667
Algeria,DZA,2025,11.633,1.41835151429016,,3.815543719231,131.605925
Libya,LBY,1960,,,,,0.357142999
Libya,LBY,1961,,,,9.89580391901764,0.357142999
Libya,LBY,1962,,,,32.5246410009676,0.357142999
Libya,LBY,1963,,,,35.0203767261421,0.357142999
Libya,LBY,1964,,,,45.0716938128605,0.357142999
Libya,LBY,1965,,11.4249999996678,,28.1488789645187,0.357142999
Libya,LBY,1966,,12.2429137683409,,18.5921637345644,0.357142999
Libya,LBY,1967,,7.29610874230891,,11.1100869677181,0.357142999
Libya,LBY,1968,,0.391231447309205,,33.8639151717893,0.357142999
Libya,LBY,1969,,9.78597055547384,,13.0878908208299,0.357142999
Libya,LBY,1970,,-5.29637142204704,,4.95074891903874,0.357142999
Libya,LBY,1971,,-3.10384940810851,,-5.27752502339565,0.356325749
Libya,LBY,1972,,-0.251023192089008,,9.12584054018133,0.328946999
Libya,LBY,1973,,7.970895563186,,1.93661971417217,0.300025999
Libya,LBY,1974,,7.45845156082894,,22.1934369650876,0.296050999
Libya,LBY,1975,,9.11920030145642,,4.0282685479679,0.296050999
Libya,LBY,1976,,5.47921527968846,,22.8809523817653,0.296050999
Libya,LBY,1977,,6.28021302750907,,8.85272018683338,0.296050999
Libya,LBY,1978,,29.3797941641698,,3.30491881279562,0.296050999
Libya,LBY,1979,,-6.03902875017094,,8.95810997017298,0.296050999
Libya,LBY,1980,,9.73428879471392,,0.68528052679342,0.296050749
Libya,LBY,1981,,11.1997226074894,,-19.1901808011163,0.296051749
Libya,LBY,1982,,10.2588088556284,,2.80605677675277,0.296052999
Libya,LBY,1983,,10.6052036199096,,-2.47222728000759,0.296052999083333
Libya,LBY,1984,,12.4776272053182,,-5.04178142890187,0.296052999583333
Libya,LBY,1985,,9.13844055467158,,8.32677842607399,0.296053
Libya,LBY,1986,,3.29098104561556,,-11.3525063155837,0.315395802539234
Libya,LBY,1987,,4.35571687840289,,-14.7020531689967,0.29702864435075
Libya,LBY,1988,,6.08695652173907,,7.57902335976675,0.285766198804
Libya,LBY,1989,,1.51183970856097,,7.19941714616827,0.29960165611425
Libya,LBY,1990,,8.4514624080388,39.712189752461,3.72013163404128,0.283177189703
Libya,LBY,1991,18.601,11.8960953011251,23.3544314520225,15.6551316776498,0.2807283172785
Libya,LBY,1992,18.828,9.35975158953134,22.3747268524689,-2.71227407954309,0.281553354124583
Libya,LBY,1993,19.006,11.0735532720389,22.2666014963477,-3.76319264327812,0.304370218790316
Libya,LBY,1994,19.328,5.11259890444314,21.8836084062861,1.93478674200678,0.348368210137774
Libya,LBY,1995,19.331,7.23798494499129,26.7764550727601,-2.2204069560875,0.418144934349807
Libya,LBY,1996,19.212,4.02807775377965,31.0343606030664,2.13412320029278,0.436799769214902
Libya,LBY,1997,19.151,3.55029585798822,26.3375156857295,5.21267102136972,0.460866115311545
Libya,LBY,1998,19.192,3.70927318295734,17.8086785928772,-3.55224474739784,0.467574437452601
Libya,LBY,1999,19.233,2.64862252295822,19.6978468357252,0.749659257603952,0.463810768619975
Libya,LBY,2000,19.275,-2.90000000000024,33.5852838997618,3.6792704082,0.512189613308333
Libya,LBY,2001,19.239,-8.81393752145546,29.4914880458031,-1.76283887062603,0.605064253623333
Libya,LBY,2002,19.281,-9.79764705882356,48.3822928740602,-0.958897332849631,1.27067917397333
Libya,LBY,2003,19.074,-2.19115191986647,47.8421621561942,13.0160372478013,1.29294412808415
Libya,LBY,2004,18.938,-2.19756774055898,54.7869519679771,4.46163899648637,1.30496614426767
Libya,LBY,2005,18.66,2.65020576131657,61.0171738102836,11.8707565226151,1.30838482391592
Libya,LBY,2006,18.805,1.45926876202722,60.9295741290035,6.50052541959279,1.31357162479067
Libya,LBY,2007,18.771,6.25098782993553,59.9292830144719,6.22998278561838,1.26264486767833
Libya,LBY,2008,19.041,10.3607288954998,64.8164362995569,-0.162048238799883,1.22356239341867
Libya,LBY,2009,19.29,2.45990025609954,49.9122829981053,-4.4001817631021,1.25353448862568
Libya,LBY,2010,19.321,2.79989500109265,54.526429982548,5.0272476723775,1.26678941001316
Libya,LBY,2011,19.504,15.5184815317562,36.3305559734441,-50.3385151384986,1.22415249460346
Libya,LBY,2012,19.03,6.05980392156855,57.6300935046394,86.8267484395784,1.26165963821484
Libya,LBY,2013,19.311,2.60581802719517,45.8016137051651,-17.9979615745681,1.27169182111774
Libya,LBY,2014,19.295,2.43294141599233,28.6305298163822,-23.0428058282215,1.27240206718888
Libya,LBY,2015,19.69,10.4022933588151,14.4264442000075,-0.842656252118843,1.38120985962103
Libya,LBY,2016,19.559,25.853874212446,10.7931417666286,-1.4909411172622,1.39036867889833
Libya,LBY,2017,19.053,25.8036184788337,20.9466167504799,32.4918021862688,1.3938200108235
Libya,LBY,2018,18.865,13.1702038536722,30.0345298438813,7.9413678529104,1.36496666666667
Libya,LBY,2019,19.087,-2.16217883470591,32.7515623093831,-11.1960828853386,1.39826289736928
Libya,LBY,2020,19.651,1.44703656998741,9.24399152945122,-29.4552967282824,1.38866668346465
Libya,LBY,2021,19.779,2.86833027751015,56.3779371892049,28.2996823429147,4.514425
Libya,LBY,2022,19.238,4.51030149235695,,-8.29981811198795,4.813175
Libya,LBY,2023,18.713,2.3731753143518,,10.2000497852517,4.81288333333334
Libya,LBY,2024,19.085,2.12615766885021,,1.89995052025442,4.83220833333333
Libya,LBY,2025,18.758,1.84166666666702,,13.3717080516958,5.30256666666666
Morocco,MAR,1960,,3.42429906542058,,,5.06049000406049
Morocco,MAR,1961,,1.76312460493452,,,5.06049000406049
Morocco,MAR,1962,,5.09672908138148,,,5.06049000406049
Morocco,MAR,1963,,5.69971168745222,,,5.06049000406049
Morocco,MAR,1964,,4.02154147421213,,,5.06049000406049
Morocco,MAR,1965,,3.4828212200169,,,5.06049000406049
Morocco,MAR,1966,,-1.0135793646964,,,5.06049000406049
Morocco,MAR,1967,,-0.748276993897715,,10.0288413593661,5.06049000406049
Morocco,MAR,1968,,0.436479069044525,,9.89173930674043,5.06049000406049
Morocco,MAR,1969,,2.94989135439242,,8.36216535672018,5.06049000406049
Morocco,MAR,1970,,1.27918132376476,,4.71346037515517,5.06049000406049
Morocco,MAR,1971,,4.1553520683533,0.0049010437746121,5.5968936595313,5.04995885361156
Morocco,MAR,1972,,3.75917055722263,0.006522746480692,2.43723734665467,4.59248032014095
Morocco,MAR,1973,,4.08461403612973,0.0119585823329776,3.55931083241548,4.10692083233334
Morocco,MAR,1974,,17.5568227452454,0.0245284171591146,5.59604994440339,4.36976666566667
Morocco,MAR,1975,,7.91828926702741,0.0166013280568583,7.55822156113805,4.052487499
Morocco,MAR,1976,,8.50215244349303,0.0076275246932294,10.8127813442855,4.419312499
Morocco,MAR,1977,,12.5970009920069,0.0174803585788549,6.0591676788529,4.50334583233333
Morocco,MAR,1978,,9.7160327495434,0.0162686827564633,2.23266338861872,4.16667083233333
Morocco,MAR,1979,,8.33136541815462,0.0249454081248798,4.79378720493398,3.89913416566667
Morocco,MAR,1980,,9.40837947437956,0.0154413073181381,3.64216481334074,3.93664583233334
Morocco,MAR,1981,,12.4925283921001,0.0228064561957411,-1.7434349305055,5.17229583233333
Morocco,MAR,1982,,10.5278072972983,0.0157889098114505,8.95737202254297,6.023022499
Morocco,MAR,1983,,6.20793538870313,0.0181573174779498,1.38656957735846,7.11132333233333
Morocco,MAR,1984,,12.4475693291853,0.018335367630548,6.41838632129115,8.81053583275
Morocco,MAR,1985,,7.7286389008592,0.0243830497123277,6.00765207144033,10.0624941664167
Morocco,MAR,1986,,8.73355918706675,0.0101580392209008,9.27110576948627,9.10444166641667
Morocco,MAR,1987,,2.69873997713767,0.0093589432183166,-0.325004075650469,8.359225
Morocco,MAR,1988,,2.36905505487641,0.0073448661446723,11.8752359788597,8.20915
Morocco,MAR,1989,,3.2599694922639,0.0065689680921739,2.84620258132841,8.48817
Morocco,MAR,1990,,6.78259401511006,0.0086331793463765,3.41181222630115,8.24234166666666
Morocco,MAR,1991,13.502,7.98616600790512,0.0038956474413304,7.21608815359085,8.70655
Morocco,MAR,1992,13.781,5.7402466286874,0.0035802606735623,-2.097738754022,8.537875
Morocco,MAR,1993,14.026,5.18311396030801,0.0032934305261153,-0.740591700332374,9.29870916666667
Morocco,MAR,1994,13.858,5.14167152953361,0.0021216430136692,10.5880004161286,9.202715
Morocco,MAR,1995,14.054,6.12358164775523,0.0013097799250287,-5.40544787197402,8.54023583333334
Morocco,MAR,1996,13.362,2.98680922773017,0.0014831045779326,12.3728762700496,8.71587583333333
Morocco,MAR,1997,14.025,1.03819895051614,0.0035620276937522,-1.56070234550782,9.52710666666667
Morocco,MAR,1998,13.359,2.75311330764477,0.002083701780773,7.23855267691987,9.60441583333333
Morocco,MAR,1999,13.94,0.684782608695643,0.0029532185556764,1.6970614772566,9.80441916666667
Morocco,MAR,2000,13.58,1.89463456763464,0.0063127252230029,2.58218091499747,10.6256361666667
Morocco,MAR,2001,12.46,0.619801875297975,0.0038967899367192,7.72182519577728,11.302975
Morocco,MAR,2002,11.59,2.79561966936936,0.0048209432798179,3.73019737485745,11.0205833333333
Morocco,MAR,2003,11.92,1.16773367477592,0.0035183313822751,6.17110214953244,9.57438333333333
Morocco,MAR,2004,10.83,1.49344403381774,0.0044767617318117,4.57138016516208,8.86801666666667
Morocco,MAR,2005,11.01,0.982641660015951,0.0040207024300055,3.19224973015831,8.86500833333334
Morocco,MAR,2006,9.67,3.28476166954811,0.0062368292429596,7.7908200104027,8.79558333333333
Morocco,MAR,2007,9.56,2.04208512673344,0.0064888645629307,3.44106776690418,8.19233333333333
Morocco,MAR,2008,9.57,3.71484311494064,0.0061644205483407,5.68453936284732,7.750325
Morocco,MAR,2009,8.96,0.971862998667636,0.0032583737265042,3.74576940136258,8.0571
Morocco,MAR,2010,9.09,0.993557401226392,0.0054687744644496,3.49955709403216,8.41715833333333
Morocco,MAR,2011,8.91,0.9069249096918,0.0072686592110911,5.52464523319847,8.089875
Morocco,MAR,2012,8.99,1.28712240079219,0.0052845250346448,3.06234368502997,8.62844458333333
Morocco,MAR,2013,9.23,1.88065466724086,0.0053581787411086,4.12221286860944,8.4055039167443
Morocco,MAR,2014,9.7,0.442310053557048,0.0027200756134493,2.7192440802029,8.40633668826152
Morocco,MAR,2015,9.46,1.5579071134626,0.0014273089885363,4.34458297635238,9.76434827950111
Morocco,MAR,2016,9.3,1.63531114327064,0.0011328109364847,0.52118550608968,9.8074760315025
Morocco,MAR,2017,9.22,0.754663249323619,0.0013107837217798,5.05789816173446,9.6919978888289
Morocco,MAR,2018,9.272,1.80391671141896,0.0017548694429699,3.06564133025955,9.38610242091972
Morocco,MAR,2019,9.191,0.303386036590383,0.0013723705365759,2.89097476137077,9.61707609950743
Morocco,MAR,2020,11.189,0.705968661338261,0.0008395727088705,-7.17820744246774,9.49684732221969
Morocco,MAR,2021,10.551,1.40195883962006,0.0010111851115324,8.15473889823681,8.98848402414138
Morocco,MAR,2022,9.413,6.65704202759067,,1.81269242194809,10.1606602430359
Morocco,MAR,2023,8.896,6.09114152504141,,3.65564411017931,10.1314260970897
Morocco,MAR,2024,9.103,0.985256592004507,,3.79336515978963,9.94235921679198
Morocco,MAR,2025,9.0,0.701902154839545,,4.59524349182247,9.35027697089947
Mauritania,MRT,1960,,,,,4.93699111607702
Mauritania,MRT,1961,,,,,4.93699111607702
Mauritania,MRT,1962,,,,0.726608378640577,4.93699111607702
Mauritania,MRT,1963,,,,-1.98376757520109,4.93699111607702
Mauritania,MRT,1964,,,,27.6908863519321,4.93699111607702
Mauritania,MRT,1965,,,,16.1383305020504,4.93699111607702
Mauritania,MRT,1966,,,,0.230961966714844,4.93699111607702
Mauritania,MRT,1967,,,,3.56713289695294,4.93699111607702
Mauritania,MRT,1968,,,,10.1964426246681,4.93699111607702
Mauritania,MRT,1969,,,,1.24853208914941,5.19415731998417
Mauritania,MRT,1970,,,,11.9859311503119,5.55419000545419
Mauritania,MRT,1971,,,,1.84288643786732,5.54263250491634
Mauritania,MRT,1972,,,,-0.73290786787895,5.04053333316666
Mauritania,MRT,1973,,,,-4.58475693319917,4.45776666666667
Mauritania,MRT,1974,,,,12.162611059057,4.53333333323333
Mauritania,MRT,1975,,,,-5.13437444709423,4.3104249999
Mauritania,MRT,1976,,,,8.54610493021582,4.5022249999
Mauritania,MRT,1977,,,,-1.87859368235061,4.558708333325
Mauritania,MRT,1978,,,,-0.504713833016041,4.61625
Mauritania,MRT,1979,,,,4.79003983768624,4.58925
Mauritania,MRT,1980,,,0.0,3.37121021902442,4.59140833325
Mauritania,MRT,1981,,,0.0,3.45028841966047,4.82958333333333
Mauritania,MRT,1982,,,0.0,-2.33992412241984,5.17691666666667
Mauritania,MRT,1983,,,0.0,3.73534202712101,5.48116666656667
Mauritania,MRT,1984,,,0.0,-3.22686445249647,6.38033333328334
Mauritania,MRT,1985,,,0.0,2.99476050442846,7.70849999995833
Mauritania,MRT,1986,,7.4333333333332,0.0,5.71357935480469,7.43749999998334
Mauritania,MRT,1987,,8.15234253800871,0.0,1.90038415182197,7.38783333333333
Mauritania,MRT,1988,,1.31965861005482,0.0,1.72039797622089,7.52608333333333
Mauritania,MRT,1989,,12.9326820981099,0.0,4.77758542001072,8.3051
Mauritania,MRT,1990,,6.60022564874018,0.0,-1.77130453327381,8.0609
Mauritania,MRT,1991,9.971,5.62866666666699,0.0,1.78808726312202,8.19458333333334
Mauritania,MRT,1992,10.052,10.141817562151,0.0,1.87412573649613,8.702675
Mauritania,MRT,1993,9.85,9.37034415971461,0.0,5.87363742064294,12.0805833333333
Mauritania,MRT,1994,9.979,4.12825861295442,0.0,-3.06073216744802,12.3575
Mauritania,MRT,1995,9.766,6.54379068524171,0.0,9.81980039567445,12.9768333333333
Mauritania,MRT,1996,9.764,4.68130623916413,0.0,5.81882663043594,13.7221666666667
Mauritania,MRT,1997,9.788,4.62534695318394,0.0,-4.04469654678218,15.1853333333333
Mauritania,MRT,1998,9.975,8.03166665498858,0.0,2.77780479737015,18.8475833333333
Mauritania,MRT,1999,10.033,4.07417613596754,0.0,3.67317832322402,20.9514166666667
Mauritania,MRT,2000,10.03,3.25406745833358,0.0,-3.91802587923293,23.8923333333333
Mauritania,MRT,2001,10.132,4.7148963468961,0.0,-0.799493815789347,25.5629166666667
Mauritania,MRT,2002,10.201,3.8957052575849,0.0,1.38148396199058,27.1739166666667
Mauritania,MRT,2003,9.911,5.15190150769578,0.0,6.92826955106302,26.303
Mauritania,MRT,2004,9.77,10.3676233473073,0.0,4.7327579245203,
Mauritania,MRT,2005,9.59,12.1256487185541,0.0,8.56628724906668,26.5528333333333
Mauritania,MRT,2006,9.313,6.2410332814282,11.4339025984773,18.3331987597713,26.86
Mauritania,MRT,2007,9.482,7.25410841304887,5.94490221432553,-1.96942275160761,25.8586666666667
Mauritania,MRT,2008,9.715,7.34663541249786,5.46163646578312,-0.331079195278377,23.8203333333333
Mauritania,MRT,2009,10.214,2.22092032381779,2.65898185019521,0.0978758719728035,26.2365833333333
Mauritania,MRT,2010,10.093,6.28354087427704,2.43044511982911,2.62022952055378,27.5894166666667
Mauritania,MRT,2011,9.976,5.68631959575954,2.80489508955736,4.17278328304418,28.1118333333333
Mauritania,MRT,2012,9.864,4.90242727217997,2.34921054003086,4.47001318233693,29.662
Mauritania,MRT,2013,9.926,4.12910173783393,1.92187619455113,4.15081318627171,30.0681666666667
Mauritania,MRT,2014,10.026,3.53436856147324,1.48326200444495,4.27482327130284,30.2725
Mauritania,MRT,2015,10.104,3.25472688117631,0.513819837621705,5.37633923694936,32.4671666666667
Mauritania,MRT,2016,10.287,1.47171045650004,0.407544888538057,1.26090922448303,35.2370833333334
Mauritania,MRT,2017,10.336,2.25427651934813,0.541318938190263,6.27054569386574,35.7944166666667
Mauritania,MRT,2018,10.411,3.06735996058356,0.0,4.77217363890155,35.6775
Mauritania,MRT,2019,10.416,2.30009262117937,0.0,3.14100489264639,36.6908333333334
Mauritania,MRT,2020,11.051,2.3856948845632,0.0,-0.36065738652286,37.1891666666667
Mauritania,MRT,2021,11.131,3.56516484650185,0.0,0.7427154981402,36.0633333333333
Mauritania,MRT,2022,10.52,9.52526628622843,,6.7960049994761,36.935
Mauritania,MRT,2023,10.37,4.95305034506872,,6.80949002457973,36.4891666666666
Mauritania,MRT,2024,10.257,2.49164347481972,,6.3076021190402,
Mauritania,MRT,2025,10.319,1.54796926167072,,4.02891976567948,
Tunisia,TUN,1960,,,,,0.41999999942
Tunisia,TUN,1961,,,,,0.41999999942
Tunisia,TUN,1962,,,,-4.59008450551823,0.41999999942
Tunisia,TUN,1963,,,,-10.7339947141916,0.41999999942
Tunisia,TUN,1964,,,,-4.6759498576432,0.44624999941125
Tunisia,TUN,1965,,,,-2.5366922286227,0.524999999525
Tunisia,TUN,1966,,,,3.45486789269532,0.524999999525
Tunisia,TUN,1967,,,,0.161952470326938,0.524999999525
Tunisia,TUN,1968,,,,10.4097285884098,0.524999999525
Tunisia,TUN,1969,,,,4.74781540363225,0.524999999525
Tunisia,TUN,1970,,,2.03817424442132,4.6696317726705,0.524999999525
Tunisia,TUN,1971,,,2.29036569671627,10.5601974806863,0.52291666623125
Tunisia,TUN,1972,,,2.12590015133778,17.7427182610332,0.477083333
Tunisia,TUN,1973,,,2.55387238440898,-0.65464350226631,0.421595832833333
Tunisia,TUN,1974,,,8.89423484787288,8.0747823343126,0.436508332333334
Tunisia,TUN,1975,,,8.03513850477648,7.15609990912363,0.402266665666667
Tunisia,TUN,1976,,,6.7641331511916,7.87685265272428,0.428774999
Tunisia,TUN,1977,,,7.48354615911459,3.41109584954947,0.428949999
Tunisia,TUN,1978,,,7.52116486918051,6.44047353293125,0.416170832333333
Tunisia,TUN,1979,,,16.2800073164075,6.56752117644017,0.406462499
Tunisia,TUN,1980,,,15.6604734716248,7.41873959497985,0.404954165666667
Tunisia,TUN,1981,,,13.8648207216135,5.51407282903942,0.493804165666667
Tunisia,TUN,1982,,,11.1748939567469,-0.493737604022272,0.590687499
Tunisia,TUN,1983,,,11.6357509310163,4.68191738527311,0.67876666575
Tunisia,TUN,1984,,8.9000000000001,11.4259602258547,5.74884326252969,0.776833332916667
Tunisia,TUN,1985,,7.25436179981635,10.8045581370498,5.6485732365982,0.83449583325
Tunisia,TUN,1986,,6.16438356164371,4.84950101303567,-1.44698841417973,0.794029166666667
Tunisia,TUN,1987,,8.2258064516129,5.88932533694232,6.70137109577689,0.8286625
Tunisia,TUN,1988,,7.19696969696955,4.6433547510392,0.0721590773964209,0.857804166666666
Tunisia,TUN,1989,,7.74088603961336,6.56322289169156,1.74669912824352,0.949320833333333
Tunisia,TUN,1990,,6.54529307282414,6.45080502980873,7.94981943665461,0.878333333333334
Tunisia,TUN,1991,15.935,8.19371509544085,4.20887815968531,3.90454530313198,0.924620833333333
Tunisia,TUN,1992,15.598,5.82434514637906,3.89144902224995,7.80572887722397,0.884433333333333
Tunisia,TUN,1993,15.948,3.9749563191613,3.35121837306816,2.18982886145824,1.00374166666667
Tunisia,TUN,1994,16.006,4.73323063996595,2.66718328891885,3.17841132209441,1.01155416666667
Tunisia,TUN,1995,16.348,6.24415028747146,2.42755447750049,2.35166985086541,0.94575
Tunisia,TUN,1996,16.061,3.72514472690715,2.73801506099416,7.14608096782061,0.973408333333333
Tunisia,TUN,1997,15.94,3.65202620723071,2.13042894995226,5.44094350107467,1.10590833333333
Tunisia,TUN,1998,15.473,3.12536579655862,1.30206836638864,4.78376247825665,1.138725
Tunisia,TUN,1999,15.21,2.6901248581158,1.92733312637189,6.05463447898158,1.186225
Tunisia,TUN,2000,14.94,2.96230794738605,3.22928353115798,4.7099729138049,1.37068333333333
Tunisia,TUN,2001,14.4,1.98333333333337,2.34162232250109,3.79627166202512,1.4387125
Tunisia,TUN,2002,14.55,2.72103284850455,2.3626975077068,1.32255714828946,1.42173333333333
Tunisia,TUN,2003,14.51,2.71259247474352,2.11725730006367,4.70239953285241,1.28845833333333
Tunisia,TUN,2004,14.23,3.63228004956625,2.60869066831261,6.23579072222647,1.24546666666667
Tunisia,TUN,2005,12.872,2.01778641357144,3.79249223607583,3.4865455430439,1.29743333333333
Tunisia,TUN,2006,12.51,3.22525337438917,4.1077575724331,5.24409983246916,1.331025
Tunisia,TUN,2007,12.365,2.96694432477349,5.51629477963382,6.70952097453554,1.28135833333333
Tunisia,TUN,2008,12.444,4.34502807623045,5.93514843614258,4.23778147502819,1.23214166666667
Tunisia,TUN,2009,13.29,3.66490330642919,3.44832785220984,3.04345012371552,1.350275
Tunisia,TUN,2010,13.049,3.33897963601069,4.12711827435362,2.97113275066512,1.4314
Tunisia,TUN,2011,18.334,3.24002842009531,5.01344964105154,-2.04663389535644,1.40778333333333
Tunisia,TUN,2012,17.63,4.6118443220664,5.06594682844413,4.21667711535632,1.56189166666667
Tunisia,TUN,2013,15.934,5.31623531326689,4.28421078126965,2.42993096446429,1.62465833333333
Tunisia,TUN,2014,14.259,4.62555099534031,3.35507824664457,3.09032803070775,1.697675
Tunisia,TUN,2015,15.159,4.437371273215,1.62596299660366,0.967834205635981,1.961625
Tunisia,TUN,2016,15.557,3.62939937384381,1.266744868786,1.117231963992,2.14803333333333
Tunisia,TUN,2017,15.33,5.30884839565844,1.48811485046411,2.25261437620587,2.419425
Tunisia,TUN,2018,15.459,7.30759176031652,1.99021548871455,2.60696965356362,2.64686666666667
Tunisia,TUN,2019,17.153,6.72007532863799,1.66141181151334,1.55009304966742,2.93443333333333
Tunisia,TUN,2020,17.651,5.63415115897625,0.916677526611502,-8.97512622934723,2.81235833333333
Tunisia,TUN,2021,16.632,5.706350208307,1.5489621013289,4.73603648206102,2.79446666666667
Tunisia,TUN,2022,15.3,8.30646124447623,,2.75228761004381,3.1036
Tunisia,TUN,2023,15.106,9.32899597507865,,0.184015548469745,3.10616666666667
Tunisia,TUN,2024,15.341,7.20661657168794,,1.61444564976986,3.10745
Tunisia,TUN,2025,15.108,5.15100197572676,,2.49311010666248,
