Country Name,Country Code,Year,unemployment,inflation,oil_rents,gdp_growth,exchange_rate,inflation_next
Algeria,DZA,1991,20.6,25.8863869348514,13.5417656312112,-1.2000005864423,18.472875,31.6696619117149
Algeria,DZA,1992,24.38,31.6696619117149,13.0452267711099,1.80000230253509,21.836075,20.5403261235827
Algeria,DZA,1993,26.23,20.5403261235827,11.7164360598656,-2.10000075697259,23.3454066666667,29.0476561173071
Algeria,DZA,1994,27.74,29.0476561173071,12.6865225216351,-0.899996552970833,35.0585008333333,29.7796264864999
Algeria,DZA,1995,31.84,29.7796264864999,14.1774813179102,3.79999479063817,47.6627266666667,18.6790758601749
Algeria,DZA,1996,28.268,18.6790758601749,16.3135923983909,4.09999847167964,54.7489333333333,5.73352275357187
Algeria,DZA,1997,25.43,5.73352275357187,14.7901349570278,1.09999993684249,57.70735,4.95016163793114
Algeria,DZA,1998,26.85,4.95016163793114,9.01756331973938,5.10000361107312,58.7389583333333,2.64551113392799
Algeria,DZA,1999,28.575,2.64551113392799,12.955667382787,3.20000155319546,66.573875,0.339163189071768
Algeria,DZA,2000,29.77,0.339163189071768,20.2038945100895,3.80000000158476,75.2597916666666,4.22598834854673
Algeria,DZA,2001,27.3,4.22598834854673,16.7197713612172,2.99999999863043,77.2150208333334,1.41830192345051
Algeria,DZA,2002,25.9,1.41830192345051,17.703706765696,5.40000000000001,79.6819,4.268953958395
Algeria,DZA,2003,23.72,4.268953958395,19.6786326659537,6.50000000062043,77.394975,3.96180030257187
Algeria,DZA,2004,17.65,3.96180030257187,22.1269733272223,4.49999999976698,72.06065,1.38244656662118
Algeria,DZA,2005,15.27,1.38244656662118,27.9141141505655,5.39999999969525,73.2763083333333,2.31149918514424
Algeria,DZA,2006,12.27,2.31149918514424,29.5343935472454,2.89999999905852,72.6466166666667,3.67899574741699
Algeria,DZA,2007,13.79,3.67899574741699,27.9267087662485,3.10000000128674,69.2924,4.85859062814939
Algeria,DZA,2008,11.33,4.85859062814939,29.1086401323721,2.49999999929371,64.5828,5.73706036145628
Algeria,DZA,2009,10.16,5.73706036145628,19.9046263657492,1.19999999969519,72.6474166666667,3.91106195534028
Algeria,DZA,2010,9.96,3.91106195534028,21.9939993236664,4.80000000093564,74.3859833333333,4.5242115050527
Algeria,DZA,2011,9.96,4.5242115050527,25.0260096148481,2.99999999941909,72.9378833333333,8.89145091062317
Algeria,DZA,2012,10.97,8.89145091062317,22.6025382987382,2.40000000034432,77.5359666666667,3.25423910998847
Algeria,DZA,2013,9.82,3.25423910998847,20.8724313901278,2.60000000061164,79.3684,2.91692692067458
Algeria,DZA,2014,10.207,2.91692692067458,19.3167294732848,4.09999999866501,80.5790166666667,4.78444700693889
Algeria,DZA,2015,11.206,4.78444700693889,11.7459031918092,3.20000000089023,100.691433333333,6.39769480268757
Algeria,DZA,2016,10.202,6.39769480268757,10.0262189142963,3.90000000017621,109.443066666667,5.59111590961664
Algeria,DZA,2017,12.0,5.59111590961664,12.1565741270026,1.49999999895587,110.973016666667,4.26999020467084
Algeria,DZA,2018,12.112,4.26999020467084,15.9428081774505,1.40000000088281,116.593791666667,1.95176821052892
Algeria,DZA,2019,12.302,1.95176821052892,14.1421031504305,0.899999999219148,119.353558333333,2.41513094083414
Algeria,DZA,2020,14.08,2.41513094083414,9.03841379679424,-4.99999999908597,126.7768,7.22606307415477
"Egypt, Arab Rep.",EGY,1991,9.38,19.7485448195578,11.7662441097498,1.12540459520747,3.13800833333333,13.6374241717218
"Egypt, Arab Rep.",EGY,1992,8.92,13.6374241717218,11.1221302701088,4.47285918408184,3.32174833333333,12.0897922868977
"Egypt, Arab Rep.",EGY,1993,10.92,12.0897922868977,9.87234453989827,2.90079079959442,3.3525175,8.15423128587096
"Egypt, Arab Rep.",EGY,1994,10.93,8.15423128587096,7.89742762113067,3.97317218034541,3.38513333333333,15.7422305021596
"Egypt, Arab Rep.",EGY,1995,11.04,15.7422305021596,7.50906073379094,4.64245877240639,3.39220833333333,7.18710369719992
"Egypt, Arab Rep.",EGY,1996,9.0,7.18710369719992,8.40318332983217,4.98873056512208,3.39148333333334,4.62560578826438
"Egypt, Arab Rep.",EGY,1997,8.37,4.62560578826438,6.09921817559871,5.49235474302942,3.38875,3.8725754642749
"Egypt, Arab Rep.",EGY,1998,8.03,3.8725754642749,3.42870521918816,5.575497460986,3.388,3.07949912638332
"Egypt, Arab Rep.",EGY,1999,7.95,3.07949912638332,5.19186775765069,6.05343878467555,3.39525,2.68380535348546
"Egypt, Arab Rep.",EGY,2000,8.98,2.68380535348546,6.47222160611776,6.37000382991766,3.47205,2.26975720475956
"Egypt, Arab Rep.",EGY,2001,9.26,2.26975720475956,5.17066273278314,3.53525197391507,3.973,2.73723855000334
"Egypt, Arab Rep.",EGY,2002,10.01,2.73723855000334,5.90580704386046,2.39020402675627,4.49966666666667,4.50777636319304
"Egypt, Arab Rep.",EGY,2003,10.91,4.50777636319304,7.50637371077042,3.19345473756772,5.850875,11.270619332052
"Egypt, Arab Rep.",EGY,2004,10.32,11.270619332052,9.49448631419397,4.09207161019908,6.19624166666666,4.86939696871988
"Egypt, Arab Rep.",EGY,2005,11.049,4.86939696871988,11.8509312061057,4.4717444710621,5.77883333333333,7.64452644526434
"Egypt, Arab Rep.",EGY,2006,10.49,7.64452644526434,11.7296934107586,6.84383819369884,5.73316666666666,9.3189690579923
"Egypt, Arab Rep.",EGY,2007,8.8,9.3189690579923,10.7818588338143,7.08782742675582,5.63543333333334,18.3168316831684
"Egypt, Arab Rep.",EGY,2008,8.517,18.3168316831684,12.4545677729971,7.15628356711522,5.4325,11.7634954386443
"Egypt, Arab Rep.",EGY,2009,9.087,11.7634954386443,6.24755741424533,4.67359980000663,5.54455330862977,11.2651882653185
"Egypt, Arab Rep.",EGY,2010,8.757,11.2651882653185,7.41778712942652,5.14723485746742,5.6219429176105,10.0649259874818
"Egypt, Arab Rep.",EGY,2011,11.849,10.0649259874818,9.74186285549743,1.76457194806041,5.93282765151515,7.11172943343083
"Egypt, Arab Rep.",EGY,2012,12.597,7.11172943343083,8.38345897037217,2.22619979818487,6.05605833333333,9.46971981064921
"Egypt, Arab Rep.",EGY,2013,13.154,9.46971981064921,7.82863019779494,2.18546605363386,6.870325,10.0702154687481
"Egypt, Arab Rep.",EGY,2014,13.105,10.0702154687481,6.82340013626772,2.91591188052836,7.07760856060606,10.370490343517
"Egypt, Arab Rep.",EGY,2015,13.052,10.370490343517,3.05526433674059,4.37201907781687,7.69125833333333,13.813606214829
"Egypt, Arab Rep.",EGY,2016,12.45,13.813606214829,2.35006516963224,4.34664345601914,10.0254007885465,29.5066083940039
"Egypt, Arab Rep.",EGY,2017,11.767,29.5066083940039,4.12683269397819,4.18122099961562,17.7825335150636,14.4014657807422
"Egypt, Arab Rep.",EGY,2018,9.855,14.4014657807422,5.47658822874947,5.33110861887155,17.7672904218107,9.15279959324804
"Egypt, Arab Rep.",EGY,2019,7.851,9.15279959324804,3.8819618632175,5.55209307084222,16.7705818428763,5.04493288977539
"Egypt, Arab Rep.",EGY,2020,7.974,5.04493288977539,1.85770095140202,3.55016483883115,15.7591729166667,5.21404940513043
Libya,LBY,1991,18.601,11.8960953011251,23.3544314520225,15.6551316776498,0.2807283172785,9.35975158953134
Libya,LBY,1992,18.828,9.35975158953134,22.3747268524689,-2.71227407954309,0.281553354124583,11.0735532720389
Libya,LBY,1993,19.006,11.0735532720389,22.2666014963477,-3.76319264327812,0.304370218790316,5.11259890444314
Libya,LBY,1994,19.328,5.11259890444314,21.8836084062861,1.93478674200678,0.348368210137774,7.23798494499129
Libya,LBY,1995,19.331,7.23798494499129,26.7764550727601,-2.2204069560875,0.418144934349807,4.02807775377965
Libya,LBY,1996,19.212,4.02807775377965,31.0343606030664,2.13412320029278,0.436799769214902,3.55029585798822
Libya,LBY,1997,19.151,3.55029585798822,26.3375156857295,5.21267102136972,0.460866115311545,3.70927318295734
Libya,LBY,1998,19.192,3.70927318295734,17.8086785928772,-3.55224474739784,0.467574437452601,2.64862252295822
Libya,LBY,1999,19.233,2.64862252295822,19.6978468357252,0.749659257603952,0.463810768619975,-2.90000000000024
Libya,LBY,2000,19.275,-2.90000000000024,33.5852838997618,3.6792704082,0.512189613308333,-8.81393752145546
Libya,LBY,2001,19.239,-8.81393752145546,29.4914880458031,-1.76283887062603,0.605064253623333,-9.79764705882356
Libya,LBY,2002,19.281,-9.79764705882356,48.3822928740602,-0.958897332849631,1.27067917397333,-2.19115191986647
Libya,LBY,2003,19.074,-2.19115191986647,47.8421621561942,13.0160372478013,1.29294412808415,-2.19756774055898
Libya,LBY,2004,18.938,-2.19756774055898,54.7869519679771,4.46163899648637,1.30496614426767,2.65020576131657
Libya,LBY,2005,18.66,2.65020576131657,61.0171738102836,11.8707565226151,1.30838482391592,1.45926876202722
Libya,LBY,2006,18.805,1.45926876202722,60.9295741290035,6.50052541959279,1.31357162479067,6.25098782993553
Libya,LBY,2007,18.771,6.25098782993553,59.9292830144719,6.22998278561838,1.26264486767833,10.3607288954998
Libya,LBY,2008,19.041,10.3607288954998,64.8164362995569,-0.162048238799883,1.22356239341867,2.45990025609954
Libya,LBY,2009,19.29,2.45990025609954,49.9122829981053,-4.4001817631021,1.25353448862568,2.79989500109265
Libya,LBY,2010,19.321,2.79989500109265,54.526429982548,5.0272476723775,1.26678941001316,15.5184815317562
Libya,LBY,2011,19.504,15.5184815317562,36.3305559734441,-50.3385151384986,1.22415249460346,6.05980392156855
Libya,LBY,2012,19.03,6.05980392156855,57.6300935046394,86.8267484395784,1.26165963821484,2.60581802719517
Libya,LBY,2013,19.311,2.60581802719517,45.8016137051651,-17.9979615745681,1.27169182111774,2.43294141599233
Libya,LBY,2014,19.295,2.43294141599233,28.6305298163822,-23.0428058282215,1.27240206718888,10.4022933588151
Libya,LBY,2015,19.69,10.4022933588151,14.4264442000075,-0.842656252118843,1.38120985962103,25.853874212446
Libya,LBY,2016,19.559,25.853874212446,10.7931417666286,-1.4909411172622,1.39036867889833,25.8036184788337
Libya,LBY,2017,19.053,25.8036184788337,20.9466167504799,32.4918021862688,1.3938200108235,13.1702038536722
Libya,LBY,2018,18.865,13.1702038536722,30.0345298438813,7.9413678529104,1.36496666666667,-2.16217883470591
Libya,LBY,2019,19.087,-2.16217883470591,32.7515623093831,-11.1960828853386,1.39826289736928,1.44703656998741
Libya,LBY,2020,19.651,1.44703656998741,9.24399152945122,-29.4552967282824,1.38866668346465,2.86833027751015
Morocco,MAR,1991,13.502,7.98616600790512,0.0038956474413304,7.21608815359085,8.70655,5.7402466286874
Morocco,MAR,1992,13.781,5.7402466286874,0.0035802606735623,-2.097738754022,8.537875,5.18311396030801
Morocco,MAR,1993,14.026,5.18311396030801,0.0032934305261153,-0.740591700332374,9.29870916666667,5.14167152953361
Morocco,MAR,1994,13.858,5.14167152953361,0.0021216430136692,10.5880004161286,9.202715,6.12358164775523
Morocco,MAR,1995,14.054,6.12358164775523,0.0013097799250287,-5.40544787197402,8.54023583333334,2.98680922773017
Morocco,MAR,1996,13.362,2.98680922773017,0.0014831045779326,12.3728762700496,8.71587583333333,1.03819895051614
Morocco,MAR,1997,14.025,1.03819895051614,0.0035620276937522,-1.56070234550782,9.52710666666667,2.75311330764477
Morocco,MAR,1998,13.359,2.75311330764477,0.002083701780773,7.23855267691987,9.60441583333333,0.684782608695643
Morocco,MAR,1999,13.94,0.684782608695643,0.0029532185556764,1.6970614772566,9.80441916666667,1.89463456763464
Morocco,MAR,2000,13.58,1.89463456763464,0.0063127252230029,2.58218091499747,10.6256361666667,0.619801875297975
Morocco,MAR,2001,12.46,0.619801875297975,0.0038967899367192,7.72182519577728,11.302975,2.79561966936936
Morocco,MAR,2002,11.59,2.79561966936936,0.0048209432798179,3.73019737485745,11.0205833333333,1.16773367477592
Morocco,MAR,2003,11.92,1.16773367477592,0.0035183313822751,6.17110214953244,9.57438333333333,1.49344403381774
Morocco,MAR,2004,10.83,1.49344403381774,0.0044767617318117,4.57138016516208,8.86801666666667,0.982641660015951
Morocco,MAR,2005,11.01,0.982641660015951,0.0040207024300055,3.19224973015831,8.86500833333334,3.28476166954811
Morocco,MAR,2006,9.67,3.28476166954811,0.0062368292429596,7.7908200104027,8.79558333333333,2.04208512673344
Morocco,MAR,2007,9.56,2.04208512673344,0.0064888645629307,3.44106776690418,8.19233333333333,3.71484311494064
Morocco,MAR,2008,9.57,3.71484311494064,0.0061644205483407,5.68453936284732,7.750325,0.971862998667636
Morocco,MAR,2009,8.96,0.971862998667636,0.0032583737265042,3.74576940136258,8.0571,0.993557401226392
Morocco,MAR,2010,9.09,0.993557401226392,0.0054687744644496,3.49955709403216,8.41715833333333,0.9069249096918
Morocco,MAR,2011,8.91,0.9069249096918,0.0072686592110911,5.52464523319847,8.089875,1.28712240079219
Morocco,MAR,2012,8.99,1.28712240079219,0.0052845250346448,3.06234368502997,8.62844458333333,1.88065466724086
Morocco,MAR,2013,9.23,1.88065466724086,0.0053581787411086,4.12221286860944,8.4055039167443,0.442310053557048
Morocco,MAR,2014,9.7,0.442310053557048,0.0027200756134493,2.7192440802029,8.40633668826152,1.5579071134626
Morocco,MAR,2015,9.46,1.5579071134626,0.0014273089885363,4.34458297635238,9.76434827950111,1.63531114327064
Morocco,MAR,2016,9.3,1.63531114327064,0.0011328109364847,0.52118550608968,9.8074760315025,0.754663249323619
Morocco,MAR,2017,9.22,0.754663249323619,0.0013107837217798,5.05789816173446,9.6919978888289,1.80391671141896
Morocco,MAR,2018,9.272,1.80391671141896,0.0017548694429699,3.06564133025955,9.38610242091972,0.303386036590383
Morocco,MAR,2019,9.191,0.303386036590383,0.0013723705365759,2.89097476137077,9.61707609950743,0.705968661338261
Morocco,MAR,2020,11.189,0.705968661338261,0.0008395727088705,-7.17820744246774,9.49684732221969,1.40195883962006
Tunisia,TUN,1991,15.935,8.19371509544085,4.20887815968531,3.90454530313198,0.924620833333333,5.82434514637906
Tunisia,TUN,1992,15.598,5.82434514637906,3.89144902224995,7.80572887722397,0.884433333333333,3.9749563191613
Tunisia,TUN,1993,15.948,3.9749563191613,3.35121837306816,2.18982886145824,1.00374166666667,4.73323063996595
Tunisia,TUN,1994,16.006,4.73323063996595,2.66718328891885,3.17841132209441,1.01155416666667,6.24415028747146
Tunisia,TUN,1995,16.348,6.24415028747146,2.42755447750049,2.35166985086541,0.94575,3.72514472690715
Tunisia,TUN,1996,16.061,3.72514472690715,2.73801506099416,7.14608096782061,0.973408333333333,3.65202620723071
Tunisia,TUN,1997,15.94,3.65202620723071,2.13042894995226,5.44094350107467,1.10590833333333,3.12536579655862
Tunisia,TUN,1998,15.473,3.12536579655862,1.30206836638864,4.78376247825665,1.138725,2.6901248581158
Tunisia,TUN,1999,15.21,2.6901248581158,1.92733312637189,6.05463447898158,1.186225,2.96230794738605
Tunisia,TUN,2000,14.94,2.96230794738605,3.22928353115798,4.7099729138049,1.37068333333333,1.98333333333337
Tunisia,TUN,2001,14.4,1.98333333333337,2.34162232250109,3.79627166202512,1.4387125,2.72103284850455
Tunisia,TUN,2002,14.55,2.72103284850455,2.3626975077068,1.32255714828946,1.42173333333333,2.71259247474352
Tunisia,TUN,2003,14.51,2.71259247474352,2.11725730006367,4.70239953285241,1.28845833333333,3.63228004956625
Tunisia,TUN,2004,14.23,3.63228004956625,2.60869066831261,6.23579072222647,1.24546666666667,2.01778641357144
Tunisia,TUN,2005,12.872,2.01778641357144,3.79249223607583,3.4865455430439,1.29743333333333,3.22525337438917
Tunisia,TUN,2006,12.51,3.22525337438917,4.1077575724331,5.24409983246916,1.331025,2.96694432477349
Tunisia,TUN,2007,12.365,2.96694432477349,5.51629477963382,6.70952097453554,1.28135833333333,4.34502807623045
Tunisia,TUN,2008,12.444,4.34502807623045,5.93514843614258,4.23778147502819,1.23214166666667,3.66490330642919
Tunisia,TUN,2009,13.29,3.66490330642919,3.44832785220984,3.04345012371552,1.350275,3.33897963601069
Tunisia,TUN,2010,13.049,3.33897963601069,4.12711827435362,2.97113275066512,1.4314,3.24002842009531
Tunisia,TUN,2011,18.334,3.24002842009531,5.01344964105154,-2.04663389535644,1.40778333333333,4.6118443220664
Tunisia,TUN,2012,17.63,4.6118443220664,5.06594682844413,4.21667711535632,1.56189166666667,5.31623531326689
Tunisia,TUN,2013,15.934,5.31623531326689,4.28421078126965,2.42993096446429,1.62465833333333,4.62555099534031
Tunisia,TUN,2014,14.259,4.62555099534031,3.35507824664457,3.09032803070775,1.697675,4.437371273215
Tunisia,TUN,2015,15.159,4.437371273215,1.62596299660366,0.967834205635981,1.961625,3.62939937384381
Tunisia,TUN,2016,15.557,3.62939937384381,1.266744868786,1.117231963992,2.14803333333333,5.30884839565844
Tunisia,TUN,2017,15.33,5.30884839565844,1.48811485046411,2.25261437620587,2.419425,7.30759176031652
Tunisia,TUN,2018,15.459,7.30759176031652,1.99021548871455,2.60696965356362,2.64686666666667,6.72007532863799
Tunisia,TUN,2019,17.153,6.72007532863799,1.66141181151334,1.55009304966742,2.93443333333333,5.63415115897625
Tunisia,TUN,2020,17.651,5.63415115897625,0.916677526611502,-8.97512622934723,2.81235833333333,5.706350208307
